Time,Age,Gender,BloodPressure,BiopsyResult,RejectionTime(Hrs),Infection,Complications,SuccessfulTransplant,Intervention,HeartAttack,Diabetes,TransplantType,TransplantYear,TransplantNeeded,CRP,IL-6,WBC,ESR,Creatinine,Hemoglobin,Cholesterol,BloodSugar,PlateletCount,ALT,eGFR,RejectionStatus
0,57,Male,133.9,No Rejection,,1,1,0,Antibiotics,1,1,Kidney,2014,1,7.3,13.1,9.4,38.5,2.1,11.8,208.4,157.5,337.2,53.9,33.6,0
1,62,Female,128.5,Borderline,48,0,1,1,Immunotherapy,0,0,Liver,2016,1,5.8,11.2,7.6,30.1,1.8,12.3,192.7,143.2,315.8,47.3,45.1,1
2,53,Male,137.2,No Rejection,,0,0,1,None,1,0,Heart,2020,1,1.88,13.0,5.2,10.02,0.76,15.08,184.25,111.83,285.24,33.64,89.1,0
3,66,Female,155.3,No Rejection,,0,0,1,None,0,0,Heart,2022,1,2.22,8.51,5.94,9.65,0.79,12.7,201.25,78.98,235.66,46.59,94.46,0
4,53,Female,108.8,No Rejection,,0,0,1,None,0,1,Heart,2021,1,2.03,11.01,5.11,8.64,0.96,13.28,185.0,155.42,231.08,16.61,94.63,0
5,32,Female,96.5,Severe Rejection,22,1,1,0,Hospitalisation,0,0,Lung,2004,1,7.2,49.46,10.6,41.53,2.85,11.79,174.37,105.2,234.11,74.25,31.33,1
6,57,Male,123.2,No Rejection,,0,0,1,None,0,0,Kidney,2006,1,2.49,9.43,7.28,6.78,0.78,13.37,164.19,94.46,245.75,13.93,90.06,0
7,18,Male,105.1,No Rejection,,1,1,0,Antibiotics,1,0,Lung,2005,1,1.51,15.0,7.66,8.23,1.07,12.45,156.4,111.33,299.31,33.29,97.68,0
8,68,Male,129.4,No Rejection,,0,0,1,None,0,0,Liver,2016,1,1.47,6.92,5.39,12.71,1.13,11.27,166.8,84.68,254.02,40.98,101.52,0
9,31,Female,128.9,Mild Rejection,51,1,1,0,Switched Medication,0,0,Lung,2012,1,4.59,32.09,8.06,24.97,1.58,12.02,172.01,101.26,168.77,32.72,69.5,1
10,28,Female,134.7,No Rejection,,1,1,0,IV Fluids,0,0,Heart,2001,1,2.25,4.69,4.28,13.33,1.05,13.48,188.51,93.34,234.06,34.43,82.32,0
11,22,Female,129.3,No Rejection,,0,0,1,None,1,0,Heart,2019,1,1.64,7.97,7.17,9.97,0.7,13.94,144.21,109.8,279.57,27.26,108.01,0
12,74,Male,110.3,Mild Rejection,68,1,1,0,Hospitalisation,0,0,Heart,2022,1,4.28,26.98,8.91,26.23,1.94,13.83,186.6,96.72,241.78,48.54,30.69,1
13,31,Female,133.1,No Rejection,,0,0,1,None,1,1,Kidney,2016,1,1.74,12.58,6.47,10.77,1.14,13.73,172.11,101.55,236.34,45.93,95.45,0
14,43,Female,96.9,Severe Rejection,53,0,1,0,Increased Immunosuppressants,0,0,Kidney,2020,1,7.99,53.48,10.52,39.35,2.36,11.14,161.38,101.06,139.33,58.97,40.21,1
15,40,Female,108.7,No Rejection,,0,0,1,None,0,0,Lung,2023,1,1.3,5.52,5.58,12.89,0.86,13.34,210.56,96.49,222.19,34.87,96.35,0
16,21,Female,128.5,No Rejection,,0,0,1,None,0,1,Heart,2017,1,2.26,13.81,5.92,8.78,1.13,12.79,172.34,126.82,257.2,27.19,81.41,0
17,78,Male,102.1,No Rejection,,1,1,0,Hospitalisation,0,0,Heart,2007,1,2.11,13.56,5.38,11.96,1.18,13.48,179.85,107.76,278.86,25.89,85.55,0
18,48,Male,111.9,Mild Rejection,52,1,1,0,Increased Immunosuppressants,1,1,Heart,2000,1,4.59,32.58,8.85,26.36,2.0,12.67,191.52,117.01,197.79,46.76,74.42,1
19,23,Male,132.7,No Rejection,,0,0,1,None,0,0,Lung,2012,1,1.73,12.98,6.43,11.2,0.96,13.99,149.08,92.26,313.62,47.7,96.03,0
20,54,Male,119.3,Severe Rejection,38,1,1,0,Increased Immunosuppressants,0,0,Heart,2022,1,6.72,48.03,10.27,39.04,2.54,10.29,200.22,108.52,149.7,59.29,48.43,1
21,32,Female,111.3,No Rejection,,0,0,1,None,1,0,Kidney,2021,1,2.38,10.72,7.14,7.24,1.16,14.05,164.92,87.8,243.48,13.63,83.6,0
22,66,Female,104.0,No Rejection,,0,0,1,None,0,0,Heart,2006,1,2.7,6.3,4.01,7.79,0.65,13.09,179.51,121.83,252.32,39.12,83.34,0
23,56,Female,129.7,No Rejection,,0,0,1,None,0,0,Heart,2000,1,2.63,11.63,4.76,10.61,0.95,14.39,186.46,121.52,203.55,34.73,77.51,0
24,38,Male,122.7,Severe Rejection,33,1,1,0,Increased Immunosuppressants,0,1,Lung,2005,1,7.19,49.02,11.12,39.56,2.69,12.58,235.46,134.32,152.53,60.78,36.64,1
25,72,Male,121.9,Mild Rejection,64,0,1,0,Hospitalisation,0,0,Kidney,2011,1,5.6,24.28,9.33,23.17,1.57,11.98,191.2,78.84,271.63,41.54,76.39,1
26,44,Female,133.3,No Rejection,,1,1,0,Hospitalisation,0,0,Kidney,2017,1,1.94,4.63,4.72,7.7,1.07,13.54,157.22,90.84,259.82,16.12,91.17,0
27,69,Male,96.3,No Rejection,,0,0,1,None,0,0,Liver,2024,1,1.84,7.5,6.24,8.34,1.26,12.33,171.26,101.28,233.04,28.3,89.79,0
28,48,Female,114.0,Mild Rejection,68,1,1,0,Hospitalisation,0,1,Heart,2022,1,4.4,29.5,7.7,24.88,1.52,11.34,185.85,111.5,286.3,48.49,64.11,1
29,65,Male,94.6,No Rejection,,0,0,1,None,0,1,Liver,2022,1,1.35,9.2,5.5,6.96,0.98,11.72,198.11,147.62,260.79,31.34,94.76,0
30,66,Female,118.7,No Rejection,,0,0,1,None,0,0,Kidney,2003,1,2.06,14.49,4.42,11.18,1.59,15.39,193.91,110.2,273.74,36.4,82.91,0
31,33,Female,102.2,Mild Rejection,25,1,1,0,Hospitalisation,1,1,Liver,2003,1,5.02,40.37,8.58,23.48,2.0,12.32,191.39,136.13,231.55,42.49,53.28,1
32,34,Male,123.9,No Rejection,,0,0,1,None,0,1,Heart,2017,1,1.6,8.76,4.37,10.39,1.27,13.15,161.71,128.44,269.55,12.42,86.23,0
33,70,Male,117.8,Mild Rejection,68,0,0,0,Switched Medication,0,0,Heart,2024,1,4.1,31.4,7.8,28.19,1.79,11.72,151.7,87.15,233.51,48.36,60.37,1
34,59,Male,92.5,No Rejection,,0,0,1,None,0,0,Heart,2024,1,2.18,6.86,4.77,12.74,1.01,12.86,190.05,98.81,246.68,16.22,75.11,0
35,72,Male,113.4,Mild Rejection,66,0,0,0,Hospitalisation,0,0,Heart,2015,1,4.08,28.26,7.96,25.72,1.79,12.95,164.67,104.72,114.18,50.43,55.69,1
36,74,Female,95.8,No Rejection,,0,0,1,None,1,0,Heart,2012,1,2.3,13.04,5.49,10.44,1.06,15.01,158.54,100.32,209.97,29.88,79.37,0
37,33,Male,97.8,No Rejection,,0,0,1,None,0,0,Lung,2008,1,1.91,8.88,4.31,7.52,0.91,12.57,168.07,120.94,232.37,19.33,87.74,0
38,62,Male,118.6,Mild Rejection,15,1,1,0,Switched Medication,1,0,Kidney,2003,1,4.24,25.49,8.96,23.64,1.65,11.75,196.45,105.97,282.03,46.03,68.61,1
39,25,Male,154.7,Severe Rejection,58,0,0,0,Hospitalisation,0,0,Liver,2000,1,7.0,54.52,9.93,40.93,2.78,12.58,177.37,96.89,170.28,63.25,47.53,1
40,61,Female,130.9,Mild Rejection,63,1,1,0,Switched Medication,0,0,Lung,2024,1,4.9,23.78,7.65,25.0,2.09,13.58,176.75,91.27,192.66,53.31,66.21,1
41,51,Male,136.7,Severe Rejection,57,1,1,0,Increased Immunosuppressants,0,0,Heart,2022,1,8.08,51.75,9.16,43.96,2.86,10.7,196.1,99.28,155.2,68.22,34.89,1
42,30,Female,116.5,Mild Rejection,49,1,1,0,Hospitalisation,0,1,Lung,2019,1,4.9,25.12,7.32,24.11,1.29,13.76,193.92,114.84,256.97,35.33,49.78,1
43,32,Female,129.1,Mild Rejection,34,0,1,0,Increased Immunosuppressants,0,0,Heart,2006,1,4.76,25.98,7.13,23.17,2.12,12.03,188.53,114.21,219.65,45.8,63.26,1
44,72,Male,128.9,No Rejection,,0,0,1,None,0,0,Kidney,2009,1,1.3,14.62,6.11,10.59,0.29,13.79,198.99,81.94,253.9,28.34,88.47,0
45,20,Male,116.6,Severe Rejection,24,0,0,0,Switched Medication,0,1,Kidney,2014,1,6.78,50.61,11.14,39.48,2.59,11.97,208.93,138.69,191.43,49.26,38.32,1
46,35,Male,117.5,Mild Rejection,18,0,1,0,Switched Medication,0,0,Kidney,2013,1,5.14,28.26,9.05,29.79,2.0,13.0,194.04,99.53,189.43,65.69,79.43,1
47,51,Male,118.3,No Rejection,,0,0,1,None,1,0,Kidney,2000,1,1.66,12.94,6.15,9.01,1.13,13.75,150.31,67.32,240.54,11.35,73.39,0
48,41,Male,126.6,No Rejection,,0,0,1,None,0,0,Lung,2010,1,2.42,14.26,6.5,10.42,0.93,13.31,187.28,108.24,207.17,12.41,90.83,0
49,60,Male,128.4,No Rejection,,0,0,1,None,1,0,Lung,2022,1,2.73,8.3,6.34,8.59,1.03,13.54,199.1,92.64,231.6,28.05,95.62,0
50,27,Male,102.3,No Rejection,,1,1,0,Antibiotics,0,0,Liver,2007,1,1.3,11.97,4.45,11.05,0.74,14.74,187.81,94.3,224.94,22.33,96.7,0
51,42,Female,130.3,Severe Rejection,67,1,1,0,Increased Immunosuppressants,0,0,Lung,2020,1,7.63,45.36,9.17,39.68,2.38,11.78,158.29,110.27,129.03,67.27,35.0,1
52,48,Male,121.8,No Rejection,,0,0,1,None,0,1,Kidney,2010,1,1.48,8.43,7.92,9.72,0.84,14.22,193.43,126.05,262.54,13.25,106.0,0
53,53,Male,116.7,No Rejection,,0,0,1,None,0,0,Heart,2024,1,2.25,1.66,5.2,10.91,0.91,13.95,175.74,66.08,279.86,43.47,81.89,0
54,24,Male,117.0,Severe Rejection,12,0,0,0,Hospitalisation,0,0,Kidney,2018,1,7.19,45.95,10.12,36.36,2.36,12.22,218.39,117.81,164.36,72.24,30.56,1
55,33,Male,114.2,No Rejection,,0,0,1,None,1,1,Heart,2013,1,0.6,12.33,4.91,9.97,1.28,13.73,162.29,134.58,263.39,51.4,88.17,0
56,34,Female,136.2,No Rejection,,0,0,1,None,0,0,Kidney,2020,1,1.72,11.59,4.99,7.9,1.1,13.12,186.25,103.8,295.12,37.95,98.04,0
57,66,Male,102.8,No Rejection,,1,1,0,Hospitalisation,0,0,Liver,2017,1,2.23,13.98,5.9,13.44,1.0,13.47,184.15,93.03,245.01,16.28,77.55,0
58,21,Male,146.1,No Rejection,,1,1,0,Hospitalisation,0,0,Kidney,2000,1,2.16,5.02,6.24,9.12,0.95,12.01,187.69,96.11,224.01,30.12,89.82,0
59,76,Male,133.9,No Rejection,,1,1,0,Hospitalisation,1,0,Lung,2003,1,2.01,12.14,5.95,9.76,1.02,13.38,190.17,96.9,243.74,16.06,90.69,0
60,28,Female,120.9,No Rejection,,0,0,1,None,0,0,Lung,2021,1,1.94,8.98,4.62,9.37,0.93,14.21,186.7,110.08,208.34,24.34,77.43,0
61,70,Female,97.6,Mild Rejection,32,0,0,0,Switched Medication,0,0,Lung,2005,1,4.44,28.25,9.66,22.61,1.48,12.54,169.11,107.92,170.59,38.88,86.64,1
62,69,Male,127.1,Mild Rejection,43,0,1,0,Hospitalisation,0,0,Lung,2015,1,4.68,27.56,8.31,27.31,2.1,14.14,194.29,82.48,230.28,37.98,66.08,1

